Hugo_Symbol,Chromosome,Start_Position,End_Position,Strand,Variant_Classification,Variant_Type,Reference_Allele,Tumor_Seq_Allele1,Tumor_Seq_Allele2,amino_acid_change
BRCA1,17,41245985,41245985,+,Silent,SNP,T,T,C,p.A521=
BRCA1,17,41245484,41245487,+,Frame_Shift_Del,DEL,TGTC,TGTC,-,p.T688Vfs*12
BRCA1,17,41244839,41244839,+,Frame_Shift_Del,DEL,A,A,-,p.C903Wfs*97
BRCA2,13,32912555,32912555,+,Missense_Mutation,SNP,G,G,T,p.D1355Y
BRCA2,13,32911446,32911446,+,Missense_Mutation,SNP,A,A,T,p.K985I
BRCA2,13,32972674,32972674,+,Missense_Mutation,SNP,G,G,A,p.E3342K
BRCA2,13,32936802,32936802,+,Missense_Mutation,SNP,G,G,C,p.E2650Q
BRCA1,17,41201181,41201181,+,Missense_Mutation,SNP,C,C,A,p.G1788V
BRCA2,13,32907194,32907194,+,Missense_Mutation,SNP,C,C,A,p.P527T
BRCA1,17,41245615,41245617,+,In_Frame_Del,DEL,AAC,AAC,-,p.C644del
BRCA1,17,41244185,41244186,+,Frame_Shift_Ins,INS,-,-,T,p.N1121Kfs*12
BRCA2,13,32921032,32921032,+,Missense_Mutation,SNP,C,C,T,p.R2336C
BRCA1,17,41276047,41276047,+,Frame_Shift_Del,DEL,C,C,-,p.E23Sfs*8
BRCA2,13,32914549,32914549,+,Missense_Mutation,SNP,C,C,G,p.N2019K
BRCA2,13,32914385,32914385,+,Frame_Shift_Del,DEL,C,C,-,p.L1965Ffs*39
BRCA2,13,32913428,32913428,+,Frame_Shift_Del,DEL,G,G,-,p.E1646Kfs*24
BRCA2,13,32915015,32915015,+,Missense_Mutation,SNP,G,G,C,p.E2175Q
BRCA1,17,41223086,41223166,+,In_Frame_Del,DEL,AGCTGGACTCTGGGCAGATTCTGCAACTTTCAATTGGGGAACTTTCAATGCAGAGGTTGAAGATGGTATGTTGCCAACACG,AGCTGGACTCTGGGCAGATTCTGCAACTTTCAATTGGGGAACTTTCAATGCAGAGGTTGAAGATGGTATGTTGCCAACACG,-,p.R1589_A1615del
BRCA2,13,32911298,32911298,+,Frame_Shift_Del,DEL,A,A,-,p.K936Nfs*24
BRCA2,13,32907409,32907413,+,Frame_Shift_Del,DEL,ATCTT,ATCTT,-,p.S599*
BRCA1,17,41276108,41276108,+,Missense_Mutation,SNP,A,A,T,p.D2E
BRCA1,17,41244468,41244468,+,Missense_Mutation,SNP,C,C,A,p.S1027I
BRCA2,13,32914938,32914938,+,Frame_Shift_Del,DEL,T,T,-,p.V2151Ffs*17
BRCA2,13,32911964,32911964,+,Missense_Mutation,SNP,G,G,C,p.E1158Q
BRCA2,13,32912065,32912065,+,Missense_Mutation,SNP,G,G,C,p.K1191N
BRCA2,13,32969068,32969068,+,Missense_Mutation,SNP,G,G,C,p.E3167Q
BRCA2,13,32907401,32907401,+,Missense_Mutation,SNP,G,G,A,p.D596N
BRCA1,17,41234523,41234523,+,Missense_Mutation,SNP,C,C,T,p.E1419K
